ally_code,player_name
712766598,staples1
762722773,Beeblebrox
621813624,Badhobby Squirrelly
179153945,DocDon
445475514,NewmanMasterOfTheUniverse
321118684,Antares
476657616,Squirrelly
957254583,MINI Cade Venx
791438522,Matty24
487828531,Jonathan
157588767,Midichlorian
471987755,MINI FinleyJon
921993935,Kibbles
178765756,Street Fight
796997276,Dr Starlord
431661268,Sours
645468588,Gunner۸2
242499717,Philosopher
534275753,Hell2000
499926398,ƚԋҽԃαɾƙԋҽɾσ
913149948,HanSwanson
965799469,Morrlog Unleashed
985687278,Jaland
434849957,Savitar
124795267,WalksWithShadows
537433231,Ziglet
899574957,Deimos
691499617,The4dmiral Unleashed
979419531,DarthWingnut
516893914,Obi Bale
811146279,Leo Marvin MD
316368721,GalacticLegendBeefcake
491988799,Lysias The Fox
962988342,Peggy
253288917,WreckinShops
492958912,RovioneKenobi
139212116,Tilas
353759919,Pylonator
935865427,Celene Caval
584952414,MINI GangajangYoda
198549597,MINI Old BenKenobi
679783664,Razzle Berry
893692819,Xerxes
675918479,Vizo
221493216,Destrix
948294914,Jim23
737991252,Dr Starlord Unleashed
374543573,Wittster
191224195,ɢɪʟʟʏ Unleashed
329627539,Reylan
735367176,Richie Sakai
624781284,Clöwn Unleashed
615843266,Cabion Unleashed
968474237,SoloBass15
387465761,MouseCop
729142933,Ben Tlightsaber
535791581,BΩRΩ
529785264,zeeke
444756234,DK
363964994,Black Mamba
313918311,Marl Jewel Unleashed
746692387,Candlejack
776362418,Ligma Bussy
748588143,Zoo
513242613,iζετα Unlεαshεd
768277119,Rokaryn Mazel
418626448,MINI tyronjames15
768639237,ΞL ΞS LΛ LΞGΞNDΛ
239781751,Weevil UnleΔshed
364335182,Khal Unleashed
552475294,Fatal
755268119,Sitherin
484543175,Mandalöre
894158247,Vestara Khai
831771555,GUILTY
788798926,DarthBadger
782851421,MINI Chowbacca
183744638,Lεgεnd
213544622,Sherveen π
546485424,Buffąlo Bill Unleąshed
956346789,DarthPerspiration
261727158,MINI ZeTwitch
836485229,Bàrç009
563214596,Joshmimesgolfswingsnow
359961675,Koobird
333198862,Deep Dish CapyGrifa
788643779,Kaptn
556323763,Poly
178139918,MacReady138
735646424,Zweihänder
443913363,AlexzZz
498785268,ειнッ
744797174,Kruineph Unleashed
119256277,TheMandalorian
895117655,Prae Unleashed
962795628,jdiddyesquire
382133874,Sar Lucif
568374867,ViceTorn
134232169,Quig
213335525,MARCK
258849922,RazieL
978692838,Pilot Urbie
781986662,Buragas
748997194,Hams
779836681,Azazel2140
577241488,Padamame
357762378,Focused Heisenberg
921378856,Spaceballs the SWGOH account
712368664,Pwn Unleashed
488499734,Jon
143966161,MINI DarthKyl
889171985,CptNoob
637884732,Aquamantan
422812623,Dragosh
745559365,ìN Alucard
423294359,MINI Tagailog
155235178,MINI Obi1CumBoneMe
653946559,KillerOOfDead
745123479,tokyorift
937749779,Mordecai
112974137,Royriv15rm
299213736,iWin
695247882,DarthJames
673698993,line id is ramborn
147762848,MINI Superboss884
166958597,DGOLDY
369895424,MINI BaIIsack
519558129,Deep Dish Woolfie Unleashed
825981243,Quase Nada
297346415,MoonVale23
684765294,Sn0wblind
588297986,Zhiny
882692344,LordMagnu's
627699263,Five0
223894677,OGMF Starkiller247
956873667,Amiricle Reborn
929343971,Arva
241833838,Redgum
782377127,HΛMΞRØN07 BrK
698674135,MINI Kadar Le Poet
817314654,DarthStorm
158358188,VeRU
693399589,TrollhammarenZT
184724722,Zalandas Solostar
122499263,ejy09
417229579,Holygato
421721981,Alexcasti
822515211,FaLLeN
585662264,Mitică
668253818,Omega Bonecrusher
976121636,Wallop
213496945,CliveBurr
969442943,Terrek deGaul
786915123,Spudomatic
731949945,DarthNihilus
213825424,Boyyd
273735747,Skewerz
563937459,wetware9
834866492,thecabellguy
515454191,Xylite
393886455,DarthBankston
498386583,Anétat
612911594,Ajhsu3
469384998,Rooford Roofos
699524116,PeterDunkan
878349454,Ertzard
335794672,Mykeo Benero
332368894,ShitHappens
363882823,bagheeraprime
396826162,The Full Monty
217153347,Yrac
641829287,DèvourìngStórm
631448167,Shawn Hennesy
365792513,Joeblow
545957394,JLass
467875868,Mar Klivian
341339296,Caspa
494849652,RevanReborn
798336833,Jem Beam
339484725,Dawg
374961188,MantisTobogganMD
286417456,LexiBiloxi
167333764,Patawan
546816853,Jeż Jeżynka
787277853,FlashTheFurious
384932483,Kaleo Bastio
181228814,aTicoNobody
314636525,Anditesh Ordo
756763388,Lone Starr
223684841,Revanche Gilder
995884141,Bestemde Stridjer
998564354,Fabz
246185647,LunatheEwok
342977191,Jrell11
782426452,Grexul
615862656,Gordy le Grand
416727266,DarthSyn
677195178,Kyn
